,episode,iteration,reward,gamma
0,26.0,1.0,-1.0,0.5
1,26.0,2.0,-1.5,0.5
2,26.0,3.0,-1.75,0.5
3,26.0,4.0,-1.875,0.5
4,26.0,5.0,-1.9375,0.5
5,26.0,6.0,-1.96875,0.5
6,26.0,7.0,-1.984375,0.5
7,26.0,8.0,-1.9921875,0.5
8,26.0,9.0,-1.9140625,0.5
