,episode,iteration,reward,gamma
0,39.0,1.0,-1.0,0.5
1,39.0,2.0,-1.5,0.5
2,39.0,3.0,-1.75,0.5
3,39.0,4.0,-1.875,0.5
4,39.0,5.0,-1.9375,0.5
5,39.0,6.0,-1.96875,0.5
6,39.0,7.0,-1.984375,0.5
7,39.0,8.0,-1.9921875,0.5
8,39.0,9.0,-1.99609375,0.5
9,39.0,10.0,-1.998046875,0.5
10,39.0,11.0,-1.978515625,0.5
