,episode,iteration,reward,gamma
0,37.0,1.0,-1.0,0.4
1,37.0,2.0,-1.4,0.4
2,37.0,3.0,-1.56,0.4
3,37.0,4.0,-1.624,0.4
4,37.0,5.0,-1.6496000000000002,0.4
5,37.0,6.0,-1.6598400000000002,0.4
6,37.0,7.0,-1.6639360000000003,0.4
7,37.0,8.0,-1.6655744000000003,0.4
8,37.0,9.0,-1.6662297600000004,0.4
9,37.0,10.0,-1.6609868800000005,0.4
