,episode,iteration,reward,gamma
0,38.0,1.0,-1.0,0.4
1,38.0,2.0,-1.4,0.4
2,38.0,3.0,-1.56,0.4
3,38.0,4.0,-1.624,0.4
4,38.0,5.0,-1.6496000000000002,0.4
5,38.0,6.0,-1.6598400000000002,0.4
6,38.0,7.0,-1.6639360000000003,0.4
7,38.0,8.0,-1.6655744000000003,0.4
8,38.0,9.0,-1.6662297600000004,0.4
9,38.0,10.0,-1.6664919040000004,0.4
10,38.0,11.0,-1.6665967616000004,0.4
11,38.0,12.0,-1.6666387046400004,0.4
12,38.0,13.0,-1.6663031603200005,0.4
