,episode,iteration,reward,gamma
0,78.0,1.0,-1.0,0.5
1,78.0,2.0,-1.5,0.5
2,78.0,3.0,-1.75,0.5
3,78.0,4.0,-1.875,0.5
4,78.0,5.0,-1.9375,0.5
5,78.0,6.0,-1.96875,0.5
6,78.0,7.0,-1.984375,0.5
7,78.0,8.0,-1.9921875,0.5
8,78.0,9.0,-1.99609375,0.5
9,78.0,10.0,-1.95703125,0.5
