,episode,iteration,reward,gamma
0,62.0,1.0,-1.0,0.5
1,62.0,2.0,-1.5,0.5
2,62.0,3.0,-1.75,0.5
3,62.0,4.0,-1.875,0.5
4,62.0,5.0,-1.9375,0.5
5,62.0,6.0,-1.96875,0.5
6,62.0,7.0,-1.984375,0.5
7,62.0,8.0,-1.9921875,0.5
8,62.0,9.0,-1.99609375,0.5
9,62.0,10.0,-1.998046875,0.5
10,62.0,11.0,-1.9990234375,0.5
11,62.0,12.0,-1.99951171875,0.5
12,62.0,13.0,-1.99462890625,0.5
