,episode,iteration,reward,gamma
0,19.0,1.0,-1.0,0.5
1,19.0,2.0,-1.5,0.5
2,19.0,3.0,-1.75,0.5
3,19.0,4.0,-1.875,0.5
4,19.0,5.0,-1.9375,0.5
5,19.0,6.0,-1.96875,0.5
6,19.0,7.0,-1.984375,0.5
7,19.0,8.0,-1.9921875,0.5
8,19.0,9.0,-1.99609375,0.5
9,19.0,10.0,-1.998046875,0.5
10,19.0,11.0,-1.9990234375,0.5
11,19.0,12.0,-1.9892578125,0.5
