,episode,iteration,reward,gamma
0,48.0,1.0,-1.0,0.6
1,48.0,2.0,-1.6,0.6
2,48.0,3.0,-1.96,0.6
3,48.0,4.0,-2.176,0.6
4,48.0,5.0,-2.3056,0.6
5,48.0,6.0,-2.38336,0.6
6,48.0,7.0,-2.430016,0.6
7,48.0,8.0,-2.4580096,0.6
8,48.0,9.0,-2.47480576,0.6
9,48.0,10.0,-2.4848834560000004,0.6
10,48.0,11.0,-2.4909300736000004,0.6
11,48.0,12.0,-2.4945580441600006,0.6
12,48.0,13.0,-2.4967348264960005,0.6
13,48.0,14.0,-2.4980408958976006,0.6
14,48.0,15.0,-2.4823680630784004,0.6
