,episode,iteration,reward,gamma
0,27.0,1.0,-1.0,0.7
1,27.0,2.0,-1.7,0.7
2,27.0,3.0,-2.19,0.7
3,27.0,4.0,-2.533,0.7
4,27.0,5.0,-2.7731,0.7
5,27.0,6.0,-2.9411699999999996,0.7
6,27.0,7.0,-3.0588189999999997,0.7
7,27.0,8.0,-1.4117330000000003,0.7
