,episode,iteration,reward,gamma
0,42.0,1.0,-1.0,0.8
1,42.0,2.0,-1.8,0.8
2,42.0,3.0,-2.4400000000000004,0.8
3,42.0,4.0,-2.9520000000000004,0.8
4,42.0,5.0,-3.3616000000000006,0.8
5,42.0,6.0,-3.6892800000000006,0.8
6,42.0,7.0,1.5536000000000016,0.8
