,episode,iteration,reward,gamma
0,79.0,1.0,-1.0,0.6
1,79.0,2.0,-1.6,0.6
2,79.0,3.0,-1.96,0.6
3,79.0,4.0,-2.176,0.6
4,79.0,5.0,-2.3056,0.6
5,79.0,6.0,-2.38336,0.6
6,79.0,7.0,-2.430016,0.6
7,79.0,8.0,-2.4580096,0.6
8,79.0,9.0,-2.47480576,0.6
9,79.0,10.0,-2.4848834560000004,0.6
10,79.0,11.0,-2.4909300736000004,0.6
11,79.0,12.0,-2.4183706624000005,0.6
